width (um),neff - mode1,TE pol fraction - mode1,neff - mode2,TE pol fraction - mode2,neff - mode3,TE pol fraction - mode3,neff - mode4,TE pol fraction - mode4,neff - mode5,TE pol fraction - mode5,neff - mode6,TE pol fraction - mode6,neff - mode7,TE pol fraction - mode7,neff - mode8,TE pol fraction - mode8
0.1,1.449415062,0.006235708,1.409088207,0.998212872,1.393674141,6.49E-06,1.391817785,0.208701585,1.38838553,0.792612313,1.360030187,0.994648463,1.349216634,3.46E-05,1.345509954,0.005718067
0.11,1.452438251,0.007543601,1.410992036,0.997552244,1.393933641,8.41E-06,1.392296081,0.209087843,1.388450574,0.792932224,1.361977762,0.994524829,1.349475513,4.63E-05,1.348472906,0.006507132
0.12,1.455730913,0.008914877,1.413241984,0.996740133,1.394193079,1.37E-05,1.392819357,0.210234191,1.388515534,0.792681046,1.363954425,0.994477908,1.351470742,0.007191018,1.349733037,6.37E-05
0.13,1.45950856,0.010584448,1.416170934,0.995593676,1.394452966,1.69E-05,1.393338123,0.211163058,1.388580175,0.792690118,1.366083989,0.994432044,1.354599765,0.007876141,1.349988721,8.15E-05
0.14,1.463664179,0.012311454,1.419692015,0.994206593,1.394713217,2.55E-05,1.393896463,0.212687598,1.388644783,0.792291492,1.368187773,0.994514518,1.357737017,0.008389476,1.350243207,0.000107556
0.15,1.468359384,0.014355299,1.424345602,0.992288429,1.394974298,3.02E-05,1.394464077,0.214186127,1.388709186,0.792008326,1.370379687,0.994650139,1.360910102,0.008857891,1.35049592,0.000133823
0.16,1.473552124,0.016415854,1.429961328,0.990060151,1.395236246,4.28E-05,1.395058361,0.216156072,1.388773574,0.791424135,1.372448027,0.994937106,1.36405211,0.009103087,1.350747535,0.000170367
0.17,1.479288534,0.018764478,1.437393699,0.987099373,1.395678061,0.218272041,1.395499384,4.94E-05,1.388837902,0.790841216,1.374502,0.995293461,1.367115601,0.009287094,1.350997459,0.000207007
0.18,1.485637158,0.021048419,1.446368613,0.983825848,1.396316561,0.220758093,1.395763988,6.66E-05,1.388902236,0.790046304,1.376356292,0.995758339,1.370110494,0.009235785,1.35124642,0.00025682
0.19,1.492465151,0.023550827,1.458093672,0.979683207,1.396996338,0.223570207,1.396030096,7.56E-05,1.38896669,0.789138665,1.378104823,0.996243847,1.372926848,0.00915377,1.35149376,0.000306241
0.2,1.499984136,0.025877484,1.472112363,0.975356687,1.397685696,0.226639673,1.396298443,9.79E-05,1.389031154,0.788106422,1.379628639,0.996754447,1.375647263,0.008867972,1.351740271,0.000372288
0.21,1.507850375,0.028342534,1.489998135,0.970164077,1.398434162,0.230234118,1.396568567,0.000109788,1.389095954,0.786839376,1.381010006,0.997227399,1.378128444,0.008617359,1.351985217,0.000437034
0.22,1.516443657,0.030526373,1.511146085,0.965091742,1.399184631,0.233979511,1.396841854,0.000138278,1.3891608,0.785514434,1.382203349,0.997672887,1.380505736,0.008228803,1.352229509,0.000522984
0.23,1.537401997,0.959399734,1.525281728,0.032798787,1.400021554,0.238514153,1.397117124,0.000153776,1.389226282,0.783789247,1.38326592,0.998062069,1.382642382,0.007960188,1.352472337,0.000607239
0.24,1.567254157,0.954475261,1.534684229,0.034694448,1.400837943,0.242998421,1.397396776,0.000190097,1.38929189,0.782028157,1.384648209,0.007707868,1.384179838,0.998402147,1.352714572,0.000716173
0.25,1.602766978,0.949476947,1.544246289,0.036662307,1.401772345,0.248558169,1.397678528,0.00021105,1.389358672,0.779456963,1.386444967,0.00789668,1.384989872,0.998695422,1.352955466,0.000823425
0.26,1.641669641,0.945892319,1.554268694,0.038214222,1.402677972,0.253976815,1.397966165,0.000257136,1.389427356,0.774560833,1.388120354,0.010525499,1.385701862,0.998942245,1.35319592,0.00096044
0.27,1.68508257,0.942775071,1.564276349,0.039835697,1.403729235,0.260724966,1.398256049,0.000286552,1.389653411,0.134451247,1.389454502,0.65046496,1.386328011,0.999156035,1.353435096,0.001094983
0.28,1.730702574,0.941400845,1.574732967,0.04103971,1.404747855,0.267279937,1.398553498,0.000344778,1.391026512,0.006288323,1.38955312,0.773282273,1.386895303,0.999330044,1.35367404,0.001266053
0.29,1.778448622,0.940576943,1.585002484,0.042333659,1.405948181,0.2754753,1.398853953,0.000387214,1.392267846,0.005116587,1.389623721,0.771185802,1.38739124,0.999483295,1.353911759,0.001433169
0.3,1.826644217,0.941414326,1.595642287,0.04320546,1.407106116,0.283378848,1.399162911,0.000460415,1.393442251,0.004710399,1.389693236,0.768470421,1.387854317,0.99960204,1.354149454,0.00164543
0.31,1.874537561,0.942483169,1.605957404,0.044193768,1.408491361,0.293287141,1.399476289,0.000520545,1.39448071,0.004471161,1.389764265,0.764916541,1.388257776,0.999709727,1.354385984,0.001852483
0.32,1.9216379,0.944836399,1.616621597,0.044787578,1.409833521,0.302848676,1.399799394,0.000613953,1.395471655,0.004230529,1.389835576,0.761480722,1.388645779,0.999784786,1.35462273,0.002113773
0.33,1.966757053,0.94701339,1.626828406,0.045512694,1.411460495,0.314823663,1.400128612,0.000698386,1.396347174,0.00403885,1.389908963,0.757174592,1.388983272,0.999856095,1.354858368,0.002369206
0.34,2.010480469,0.950115215,1.637366603,0.045877181,1.413042837,0.326336095,1.400469049,0.000818586,1.397189788,0.003845635,1.389983075,0.752987885,1.389316838,0.99989508,1.355094491,0.00268992
0.35,2.051354364,0.952735288,1.647337161,0.046376879,1.414983086,0.340669986,1.400818091,0.0009364,1.397934509,0.003664298,1.39005968,0.747812098,1.389607139,0.999935167,1.355329561,0.003004828
0.36,2.090828882,0.956002233,1.657643072,0.046565316,1.4168922,0.354493073,1.401179427,0.001091965,1.398658332,0.003502396,1.390137587,0.74267291,1.389901196,0.999942076,1.355565436,0.003397521
0.37,2.127119077,0.958638155,1.667293886,0.046876866,1.419250241,0.371454269,1.401553219,0.001255367,1.399298411,0.003327628,1.390218412,0.73642303,1.390158104,0.999952829,1.355800335,0.003786089
0.38,2.162221072,0.961738975,1.677279982,0.046935676,1.421602841,0.387852874,1.401940005,0.001457969,1.39992613,0.003191233,1.39042357,0.999929089,1.390301335,0.730069136,1.356036363,0.004266673
0.39,2.1941484,0.964160903,1.686569096,0.047094317,1.424529041,0.407601466,1.402345077,0.001684191,1.400482607,0.003025294,1.390657227,0.999909831,1.390387707,0.722447619,1.356271551,0.0047468
0.4,2.225143603,0.966956968,1.696160126,0.047061971,1.427481262,0.426611592,1.402762838,0.001949339,1.401031566,0.0029128,1.390902722,0.999854666,1.390477236,0.714537017,1.356535,0.567471991
0.41,2.253117935,0.969089686,1.705023133,0.04709803,1.431162786,0.448897602,1.403205538,0.002259019,1.401519484,0.002761804,1.391121218,0.999802628,1.390570834,0.705182887,1.358901606,0.55761996
0.42,2.280457671,0.971528201,1.714210238,0.047007952,1.434944112,0.470328665,1.403663484,0.002611653,1.402004868,0.0026693,1.391353523,0.999712981,1.390669257,0.695192199,1.361073635,0.549357985
0.43,2.304961074,0.973357044,1.722620593,0.046946737,1.439635461,0.494520092,1.404152721,0.003034116,1.402436839,0.002536,1.39156335,0.999623116,1.390772436,0.683576649,1.363349197,0.540894772
0.44,2.329107057,0.975451408,1.731391801,0.046828976,1.444541333,0.517690063,1.404662323,0.003509297,1.402869997,0.002461482,1.391788406,0.99949361,1.390882922,0.67079941,1.365450297,0.534866869
0.45,2.350631793,0.97699424,1.739344399,0.046692077,1.450574725,0.542776411,1.405209938,0.004085782,1.403256364,0.002346887,1.3919954,0.999358343,1.3909991,0.656155703,1.367588888,0.529887784
0.46,2.371987939,0.97878269,1.747693098,0.046574661,1.456971063,0.566597539,1.405786475,0.004734511,1.403646113,0.002288353,1.392218453,0.999180683,1.391126096,0.639629141,1.36957132,0.52845015
0.47,2.391027247,0.98008129,1.755251143,0.046387934,1.464780407,0.591441216,1.40640951,0.005524154,1.403996537,0.002194611,1.392429315,0.998987906,1.391260495,0.620824149,1.371535742,0.529492747
0.48,2.409900244,0.981597997,1.763122705,0.046292742,1.473078279,0.614728632,1.40707259,0.006421019,1.404348682,0.002147821,1.39265429,0.998751276,1.39141016,0.59929744,1.37335075,0.535325855
0.49,2.42681494,0.982690786,1.770273347,0.046079343,1.48310709,0.638291311,1.407792787,0.007509929,1.404669199,0.002072864,1.392874688,0.998485114,1.391570103,0.574929318,1.375103473,0.544992756
0.5,2.443536951,0.983974688,1.777704515,0.046034969,1.493822781,0.660287797,1.408570947,0.008764156,1.404990319,0.002037382,1.393106924,0.998172767,1.391751683,0.546700414,1.376726046,0.560591922
0.51,2.458736356,0.984909041,1.784459396,0.045825435,1.506618271,0.682194716,1.409419179,0.010277774,1.405286053,0.001979861,1.393344216,0.997809387,1.391949002,0.514867155,1.378257556,0.581148373
0.52,2.473489629,0.985983499,1.791474345,0.045867338,1.520184668,0.702385335,1.410351431,0.012049104,1.405581428,0.001954602,1.393588651,0.99739863,1.392174388,0.478413933,1.379662567,0.608164862
0.53,2.487128304,0.986777158,1.797814186,0.045674653,1.536136454,0.722456503,1.41137113,0.014170309,1.405855553,0.001912309,1.393848785,0.996908634,1.39242305,0.437939284,1.380960172,0.640409555
0.54,2.500259914,0.987685793,1.804478434,0.045890515,1.55296242,0.74076968,1.412511961,0.016685471,1.406130688,0.001897392,1.394114197,0.996361837,1.392710077,0.392425663,1.382146989,0.678840291
0.55,2.512549541,0.988358159,1.810422284,0.045759752,1.572341168,0.759048481,1.413762583,0.019663817,1.406386949,0.001868941,1.394406729,0.99569913,1.393028173,0.343961392,1.383214023,0.720877997
0.56,2.52427224,0.989133331,1.816774796,0.046286875,1.592458357,0.77516833,1.415189501,0.023234492,1.406645434,0.001864144,1.394702269,0.994964502,1.393394776,0.292112231,1.384179526,0.766566163
0.57,2.53536838,0.989708796,1.822351606,0.046306501,1.615115389,0.791453193,1.416753694,0.027387373,1.406887186,0.001848405,1.395039317,0.99406375,1.393797586,0.24081218,1.385023205,0.811702386
0.58,2.545885864,0.99036911,1.828440499,0.047446674,1.638168255,0.804640926,1.418571757,0.032383809,1.407131945,0.001853779,1.395377883,0.993061779,1.394255057,0.190247159,1.385776622,0.855740205
0.59,2.555912047,0.990859834,1.833695447,0.04785902,1.663480817,0.818254082,1.420560174,0.03803834,1.407362141,0.001850094,1.395776447,0.991827562,1.394744471,0.145271028,1.386415722,0.894104144
0.6,2.565405453,0.991428559,1.839595442,0.050377082,1.688691025,0.826817753,1.422902356,0.044771029,1.407595686,0.001865769,1.396175988,0.990437432,1.395288512,0.105099527,1.3869832,0.927411843
0.61,2.574519068,0.99185181,1.844608756,0.051972948,1.715771803,0.836119587,1.425447599,0.052078565,1.407817152,0.001873462,1.396661334,0.988725295,1.395851311,0.073316578,1.387455192,0.952808339
0.62,2.583090109,0.99234077,1.850487174,0.05843195,1.74193296,0.834932284,1.428463343,0.060545428,1.408041487,0.001900149,1.397147337,0.986769212,1.396458614,0.047799771,1.387874174,0.97224647
0.63,2.591387001,0.992709246,1.855454908,0.064953989,1.769594631,0.832864219,1.431700224,0.069202084,1.408256536,0.001919113,1.397755665,0.984379323,1.397069403,0.029742421,1.388221996,0.985174327
0.64,2.599160912,0.993129613,1.861900608,0.088344858,1.795180421,0.798659575,1.435515533,0.078791064,1.408473704,0.001957541,1.398368261,0.981587306,1.397713514,0.016768893,1.388534495,0.993633688
0.65,2.606721494,0.99345109,1.867827328,0.131427818,1.821505752,0.73303426,1.439535276,0.087890843,1.408684079,0.001988263,1.399154211,0.978246136,1.398348171,0.00879702,1.38879665,0.998089239
0.66,2.613807178,0.993814689,1.878254911,0.282152675,1.842393949,0.526056069,1.444203426,0.097435763,1.408896342,0.002039196,1.399957061,0.974246381,1.399008342,0.004126883,1.389036996,0.999846222
0.67,2.620692851,0.994091538,1.892526131,0.569871209,1.859252858,0.252770542,1.448994143,0.105780727,1.409103258,0.002082884,1.401007418,0.96959779,1.399648923,0.002304968,1.389241663,0.999570125
0.68,2.627191625,0.994412133,1.914516717,0.761255995,1.867457515,0.12669106,1.454484562,0.114151532,1.409313175,0.002147085,1.402101035,0.963970369,1.400313891,0.002451593,1.389434438,0.997791688
0.69,2.633475541,0.994651979,1.937245937,0.86039101,1.8743334,0.073634198,1.459956454,0.120906235,1.409518494,0.002204816,1.403552847,0.957674646,1.400952216,0.004037072,1.389601296,0.995171604
0.7,2.63945463,0.994935266,1.961418757,0.892161896,1.878939787,0.059564737,1.466146165,0.127513656,1.409727846,0.002284048,1.405097732,0.950079971,1.401614871,0.006827787,1.389762125,0.991693506
0.71,2.645206365,0.995144142,1.984541326,0.917334997,1.883715678,0.048773005,1.47216797,0.132462819,1.409933561,0.002357632,1.407165583,0.942000962,1.402248401,0.010240356,1.389904035,0.988007694
0.72,2.650717745,0.995395118,2.007839933,0.927662805,1.887613585,0.045590957,1.478890835,0.137309342,1.410143968,0.002454062,1.409405059,0.932496527,1.402905514,0.014446692,1.390043185,0.983794168
0.73,2.65599241,0.995577511,2.029903819,0.938501666,1.891665656,0.041756025,1.485308274,0.140649462,1.412396796,0.923048092,1.410351999,0.002545888,1.403534099,0.018844215,1.390168493,0.979672331
0.74,2.661086599,0.995800863,2.051910289,0.944153357,1.895241446,0.040530428,1.492420881,0.144089142,1.415666793,0.912350209,1.410565224,0.002662723,1.404185982,0.023816367,1.390292948,0.975188758
0.75,2.665936312,0.995960161,2.072632495,0.950402315,1.898881316,0.038656204,1.499096804,0.146179598,1.419968297,0.902616952,1.410777525,0.002776,1.404811821,0.028779028,1.390407334,0.970911893
0.76,2.67065331,0.996160156,2.093268159,0.954318367,1.902229562,0.037971138,1.506484095,0.148670355,1.424651452,0.891933022,1.410995485,0.002918226,1.405460146,0.034189142,1.390521891,0.966363719
0.77,2.675121742,0.996300598,2.112602092,0.958514408,1.905580534,0.036843308,1.513358237,0.149894283,1.430644536,0.883220807,1.411215409,0.003059887,1.406087139,0.039530439,1.390629366,0.962032638
0.78,2.679498486,0.996479412,2.131895587,0.961511826,1.908729101,0.036360311,1.520888278,0.151913611,1.437100122,0.873319802,1.411438948,0.003233607,1.406734393,0.045226081,1.39073749,0.95749071
0.79,2.683622258,0.996603313,2.149874491,0.964568777,1.911839576,0.035583361,1.527832967,0.152598099,1.445090478,0.866207524,1.411667897,0.00340972,1.407366708,0.050879514,1.390840966,0.95311928
0.8,2.68769289,0.996764028,2.167895491,0.966981172,1.914817227,0.035184672,1.53550444,0.154764317,1.453596096,0.856835503,1.411900334,0.00363273,1.40801709,0.056811625,1.390945375,0.948576352
0.81,2.691506382,0.996873568,2.184595626,0.969318717,1.917720959,0.03459544,1.542459554,0.155348892,1.463787012,0.850980216,1.412140622,0.003859005,1.408660178,0.062781512,1.391047189,0.944126216
0.82,2.695298845,0.99701856,2.201419709,0.97131442,1.92054269,0.03423739,1.550276794,0.158595118,1.474505767,0.840584392,1.412385241,0.004169875,1.409318398,0.068940798,1.391498165,0.030375314
0.83,2.698833051,0.997115981,2.216931564,0.973162303,1.923266434,0.033756201,1.557232507,0.15987179,1.486972949,0.834590043,1.41264033,0.004490695,1.409979127,0.07525468,1.392062526,0.026732932
0.84,2.702371401,0.997246875,2.232637912,0.974838559,1.925940919,0.033422902,1.565266632,0.166342329,1.499881654,0.818977811,1.412900978,0.00501371,1.410650001,0.081584391,1.392611077,0.025169047
0.85,2.705651336,0.997333557,2.247045924,0.976330552,1.928501422,0.0330107,1.572270872,0.170669408,1.514494577,0.808197719,1.413175065,0.005615327,1.411335391,0.088152983,1.393107231,0.022362355
0.86,2.708959329,0.99745226,2.261722279,0.977757332,1.931040037,0.032692397,1.580820082,0.187025894,1.529199251,0.7747346,1.413459834,0.006996732,1.412022825,0.094074617,1.393591624,0.021107037
0.87,2.71200868,0.997529549,2.275115213,0.978981494,1.933449374,0.032327471,1.588192214,0.204675092,1.545383826,0.740626209,1.413763565,0.009459344,1.412735658,0.09933513,1.39403326,0.018978041
0.88,2.715105957,0.997637525,2.28883963,0.980207954,1.935863624,0.032018941,1.59826307,0.2572746,1.560593598,0.65027897,1.414105612,0.019410892,1.413421989,0.096717732,1.394467044,0.017966561
0.89,2.717944945,0.997706706,2.301297251,0.981225969,1.938132048,0.031688022,1.607519316,0.337737204,1.576406619,0.536066068,1.414540677,0.056585004,1.414076885,0.066836946,1.394864776,0.01635145
0.9,2.720849881,0.997805079,2.314147492,0.982287937,1.940432131,0.031386738,1.621968109,0.47888747,1.588825723,0.384600325,1.415194164,0.104998311,1.414528453,0.028293331,1.395258041,0.015526944
0.91,2.723621682,0.997873226,2.326334218,0.983174011,1.942822657,0.031118523,1.637847118,0.623980509,1.600607524,0.272642983,1.415989442,0.12934749,1.414931448,0.015032953,1.395638404,0.014372351
0.92,2.72622557,0.997956995,2.337792359,0.984069265,1.94476367,0.030786042,1.655772142,0.721676006,1.609001257,0.214295984,1.416820339,0.142032211,1.415295273,0.012698942,1.395980625,0.013608868
0.93,2.728829177,0.998018148,2.349222137,0.98482323,1.947038719,0.030535121,1.675403685,0.789243939,1.617724378,0.179973566,1.417751167,0.155369999,1.415694379,0.011231427,1.396330682,0.012704987
0.94,2.731263882,0.998095061,2.359909172,0.985606577,1.948874513,0.030210584,1.695224994,0.825688643,1.624495979,0.163734737,1.418681858,0.166737987,1.416088454,0.011502344,1.39664736,0.012078424
0.95,2.733714431,0.998150623,2.370646582,0.986257127,1.951036332,0.02997301,1.716205917,0.853756745,1.632040465,0.151913353,1.419746993,0.18046137,1.41652569,0.011535365,1.396972218,0.011357889
0.96,2.735992509,0.998220827,2.380621496,0.986942237,1.952779406,0.029656184,1.736494639,0.870726402,1.63818953,0.145532528,1.420806369,0.193233296,1.416966958,0.012346515,1.397268245,0.010839082
0.97,2.738304077,0.998272387,2.390727536,0.987513742,1.954833457,0.029428475,1.75780084,0.885685985,1.645165093,0.139871051,1.422045852,0.20892873,1.417458408,0.012923531,1.397572187,0.010254585
0.98,2.740436361,0.998335639,2.400042068,0.988109648,1.956491804,0.029119968,1.777938473,0.895946111,1.650965533,0.136395038,1.423285112,0.223968613,1.417959613,0.014052102,1.397851348,0.009822001
0.99,2.742620834,0.998383094,2.409569322,0.988612884,1.958441021,0.028900249,1.799067899,0.905678053,1.657561036,0.132899538,1.424763617,0.242516016,1.418520139,0.01501374,1.398137796,0.009340946
1,2.744617889,0.998440671,2.418273526,0.989135507,1.960024037,0.028599908,1.818712023,0.912939884,1.663114612,0.130521149,1.426256537,0.260536802,1.419097219,0.016462366,1.398403274,0.008978011
1.01,2.746687144,0.998483887,2.427276151,0.989578186,1.961874727,0.028386786,1.839399991,0.920065748,1.669410166,0.127961172,1.428075675,0.282832753,1.419745298,0.017812207,1.398675233,0.008577104
1.02,2.748557373,0.998536949,2.435409214,0.990041399,1.963387444,0.02809454,1.858324967,0.925649811,1.67475489,0.126084254,1.429923371,0.304454999,1.420418067,0.019646057,1.398929509,0.008271732
1.03,2.750517473,0.998576935,2.443916157,0.990435482,1.965146837,0.02788726,1.878370107,0.931228841,1.680793027,0.123996677,1.432223008,0.331224881,1.421177302,0.021450241,1.39918958,0.007934429
1.04,2.752273173,0.998625371,2.451533989,0.990844947,1.96659248,0.027602792,1.896491948,0.935700953,1.685944408,0.122386493,1.434578928,0.356993368,1.421971486,0.023770823,1.399434685,0.007677487
1.05,2.754127121,0.998662003,2.459561368,0.991194418,1.968268172,0.0274007,1.915752208,0.940204447,1.691751966,0.120574947,1.437560731,0.388615406,1.422873414,0.026137381,1.399685088,0.007392731
1.06,2.755781935,0.998706728,2.466725008,0.991560667,1.969648811,0.027123868,1.93305982,0.943897016,1.696716997,0.119120639,1.44063553,0.418512512,1.423821586,0.029073502,1.399922779,0.007176509
1.07,2.757540684,0.998740871,2.474320881,0.9918751,1.97125199,0.026926542,1.951508164,0.947638529,1.702327215,0.117474393,1.444571606,0.454478144,1.424906311,0.032137154,1.400165608,0.006934331
1.08,2.759098785,0.998781716,2.48105246,0.992200604,1.972565384,0.026657182,1.967962999,0.950703202,1.707095678,0.11613624,1.448637738,0.487424243,1.426051287,0.035841643,1.400397272,0.006755052
1.09,2.760767829,0.998813874,2.48824329,0.992485947,1.985575623,0.953859348,1.974105537,0.02646381,1.712534254,0.114600565,1.453857922,0.525807692,1.427372138,0.039757716,1.400634264,0.006549362
1.1,2.762237493,0.998850951,2.494580248,0.992774825,2.001193592,0.956423483,1.975350499,0.026202309,1.717098278,0.113353143,1.459228801,0.559465245,1.42876569,0.044374878,1.400861269,0.006403116
1.11,2.763820265,0.998881222,2.501383778,0.993034157,2.017955451,0.959101982,1.976831123,0.02601234,1.722371858,0.111905165,1.466068821,0.597093286,1.430389449,0.049290256,1.401093782,0.00623058
1.12,2.765210612,0.998914979,2.507366603,0.993291797,2.032780947,0.96127379,1.978011866,0.02575896,1.726739979,0.110725518,1.473044222,0.628550766,1.432092402,0.054899858,1.401317604,0.006113598
1.13,2.76670673,0.998942833,2.513784228,0.99352426,2.048657565,0.963536496,1.979423249,0.025573443,1.731810944,0.109366472,1.481754696,0.662243887,1.434086806,0.060853827,1.401546576,0.005973197
1.14,2.76802961,0.998974284,2.519464645,0.993758678,2.062777653,0.965415916,1.980556657,0.025326972,1.736034539,0.108225443,1.490554027,0.689377058,1.436174508,0.067423259,1.401768924,0.005881757
1.15,2.769445444,0.998999978,2.52552577,0.993967757,2.077811775,0.967339612,1.981904024,0.025145139,1.740916114,0.106939822,1.501265351,0.717501605,1.438616872,0.074296809,1.401995696,0.005771479
1.16,2.770704974,0.999029296,2.530922893,0.99418156,2.091250017,0.968975179,1.982991559,0.024906307,1.744994895,0.105834863,1.511928029,0.739610133,1.441151266,0.081557275,1.402217764,0.005704943
1.17,2.77204595,0.999052945,2.536652384,0.994369681,2.10548119,0.970619039,1.984278552,0.024728164,1.749694546,0.104613661,1.524572478,0.762171945,1.444103345,0.088974382,1.402443632,0.005623672
1.18,2.773246318,0.9990804,2.541785712,0.994565644,2.118271637,0.972050694,1.985322812,0.024497068,1.753633458,0.103541417,1.536987435,0.77979817,1.447126007,0.096441972,1.402878963,0.132948521
1.19,2.774518381,0.999102267,2.54721053,0.994735721,2.131752374,0.973464475,1.986554527,0.024321747,1.758165417,0.10237534,1.551343274,0.79773465,1.450625161,0.103847577,1.40368319,0.103537476
1.2,2.77566246,0.999127939,2.552093723,0.994915397,2.143919119,0.974721951,1.987556253,0.024099529,1.761962254,0.101336156,1.565249689,0.811853029,1.454131801,0.110913384,1.404432664,0.080784797
1.21,2.776869403,0.999148137,2.557231469,0.99506928,2.156683841,0.975943132,1.988734691,0.023927085,1.766329289,0.100220278,1.580963052,0.826251906,1.458162649,0.117706718,1.405195943,0.061377567
1.22,2.777961506,0.999172223,2.561884163,0.995234673,2.168269269,0.977053334,1.989697356,0.023714196,1.769992987,0.099212261,1.596035075,0.837766642,1.462114546,0.123888595,1.405906047,0.046656648
1.23,2.77910765,0.999190892,2.566754544,0.995374198,2.180361152,0.978113478,1.990825184,0.023545146,1.774199856,0.098142367,1.61271221,0.849526546,1.466617091,0.129649215,1.406617009,0.034536801
1.24,2.780150915,0.999213526,2.571191216,0.995526804,2.191397285,0.979097399,1.991751273,0.023341895,1.777737061,0.097164294,1.628591798,0.85909096,1.470945635,0.134704224,1.407281144,0.025487558
1.25,2.781240042,0.999230844,2.575811448,0.995653817,2.202855394,0.980022903,1.992831651,0.023175939,1.781792485,0.096135409,1.645842923,0.868846017,1.475843256,0.139290336,1.407938526,0.018306251
1.26,2.78223756,0.999252097,2.5800463,0.99579469,2.213375645,0.980897328,1.99372287,0.022983936,1.785205582,0.095187742,1.662201149,0.87690447,1.480455588,0.143190191,1.408557413,0.013074299
1.27,2.783273965,0.999268255,2.584435658,0.99591096,2.224245989,0.981710407,1.994758231,0.022823671,1.789111292,0.094199291,1.679700041,0.885092902,1.485635696,0.146632637,1.409165784,0.009141827
1.28,2.784227784,0.999288161,2.588478325,0.996040856,2.234273454,0.982488798,1.99561678,0.022642376,1.792409352,0.093278745,1.696242664,0.891937058,1.490468797,0.149524268,1.409743073,0.006446474
1.29,2.78521415,0.999303179,2.592649176,0.996147121,2.244586352,0.983204647,1.996609977,0.022486776,1.796176071,0.092324884,1.71371013,0.898854222,1.495867406,0.152002997,1.410308173,0.004648438
1.3,2.786127447,0.99932192,2.596513934,0.996267516,2.254156104,0.983901451,1.997437459,0.022320499,1.79935886,0.091433925,1.730219839,0.904694989,1.50082625,0.15404016,1.410849781,0.003642896
1.31,2.78706699,0.999335853,2.600480795,0.996364619,2.263947969,0.984533418,1.998390898,0.022171432,1.802991861,0.090512025,1.74745554,0.910557898,1.506367911,0.155732677,1.411378342,0.003262427
1.32,2.787941971,0.999353555,2.604177704,0.996476612,2.273085153,0.985160029,1.999189267,0.022023696,1.806064272,0.089650275,1.763758357,0.9155447,1.511394992,0.157094248,1.411889914,0.003406369
1.33,2.788837442,0.999366535,2.60795296,0.996565692,2.28238713,0.985720496,2.000105033,0.021885128,1.80956672,0.088760691,1.780611702,0.920516843,1.517009733,0.158166091,1.412388454,0.003991709
1.34,2.789676376,0.999383234,2.611492337,0.996669853,2.291118328,0.986285288,2.000876596,0.021761206,1.812535429,0.087925098,1.796590079,0.924758281,1.522068869,0.159002573,1.412875413,0.004943039
1.35,2.790530993,0.999395382,2.615090278,0.99675195,2.299966736,0.986784975,2.001758313,0.021638183,1.815918015,0.087064201,1.81297228,0.928967932,1.527721526,0.159595296,1.415459919,0.801840488
1.36,2.791335317,0.999411105,2.618478826,0.996848752,2.308309625,0.987294716,2.002504097,0.021549826,1.828532309,0.932530613,1.818781836,0.086255963,1.532765303,0.160022726,1.41876562,0.794852922
1.37,2.792151025,0.999422433,2.621908325,0.996924262,2.316727823,0.987740674,2.003353448,0.02145363,1.844372778,0.936058873,1.822046011,0.085423736,1.538410581,0.160242594,1.422778301,0.78948484
1.38,2.792923118,0.999437306,2.625156611,0.997014645,2.324709461,0.988203116,2.004077123,0.021422603,1.859467514,0.938970202,1.82481267,0.084640684,1.543420958,0.160356505,1.427086202,0.786363698
1.39,2.793702248,0.999447873,2.628428076,0.997084171,2.332724454,0.988602164,2.004896494,0.021377766,1.874730634,0.941845684,1.827959701,0.083837012,1.54902043,0.160287109,1.43222787,0.784995863
1.4,2.794443795,0.999461961,2.631543707,0.997168722,2.340364855,0.989023067,2.005602746,0.021451991,1.889325392,0.944044035,1.830636777,0.083077318,1.553987651,0.160159419,1.437700559,0.78543324
1.41,2.795188345,0.999471846,2.634666039,0.997232932,2.347999733,0.9893815,2.006395971,0.021518209,1.903988448,0.946184347,1.833668541,0.08230171,1.559512999,0.159866523,1.444102249,0.787299224
1.42,2.795901084,0.999485183,2.637656834,0.997312041,2.355319628,0.989765307,2.007092428,0.021823307,1.918066714,0.947382155,1.836262682,0.081564171,1.564428949,0.159550841,1.450870503,0.790344276
1.43,2.796613487,0.999494489,2.640640721,0.997371681,2.362601954,0.990089035,2.007868814,0.022181183,1.932129559,0.948363256,1.839187037,0.080814529,1.569870718,0.159085241,1.458619905,0.79439191
1.44,2.797298465,0.999507075,2.643511523,0.997445547,2.369614605,0.990439034,2.00857086,0.023137045,1.94566417,0.947463728,1.841698593,0.080099822,1.574717484,0.158622674,1.466755603,0.799122183
1.45,2.797980967,0.999515522,2.646367116,0.997499371,2.376572366,0.990726119,2.009357353,0.024570081,1.959133914,0.945203065,1.844527128,0.079373717,1.580072688,0.158018469,1.475935204,0.804491656
1.46,2.798639183,0.999527733,2.649122217,0.997570084,2.383287818,0.991052161,2.010117543,0.028339835,1.972053078,0.936522013,1.846952421,0.07868317,1.584832893,0.15744613,1.485386018,0.810270571
1.47,2.799296157,0.999535533,2.651868251,0.997619434,2.389967863,0.991310179,2.01104143,0.037277964,1.98486878,0.914507043,1.849697432,0.077981859,1.590101696,0.15673552,1.495961398,0.81644681
1.48,2.799926264,0.999547241,2.654502361,0.997686411,2.396374701,0.991611518,2.012277868,0.075236531,1.99671466,0.824442295,1.852031789,0.077313501,1.594760251,0.156076834,1.506641436,0.822802228
1.49,2.800559618,0.999554596,2.657147007,0.997732442,2.402797322,0.991846548,2.015525304,0.340156438,2.006708189,0.413446968,1.85469059,0.076637954,1.599928166,0.155285866,1.518492266,0.82942708
1.5,2.801162536,0.999565681,2.659664484,0.997795208,2.408908278,0.992123022,2.024252273,0.803205932,2.010482773,0.087076696,1.856944058,0.075990605,1.604488879,0.154558605,1.530251567,0.836032688
1.51,2.801774036,0.999572826,2.662215281,0.997839189,2.41509215,0.992340913,2.035573621,0.919560675,2.011925035,0.037838631,1.859517233,0.075340359,1.609549813,0.153706755,1.543194818,0.842836165
1.52,2.802350643,0.999583124,2.664620272,0.997897089,2.420919337,0.992591816,2.046713843,0.947396348,2.012723368,0.027396743,1.861696357,0.074714959,1.614011429,0.15292625,1.55582667,0.849422864
1.53,2.802941713,0.99958995,2.667083262,0.997938663,2.426879377,0.992793198,2.058230446,0.959545419,2.013510858,0.023101697,1.86418209,0.074090835,1.618954171,0.152030279,1.569641307,0.856171278
1.54,2.803493058,0.999599638,2.669380636,0.997992606,2.432436597,0.993022385,2.069028919,0.965209222,2.014111767,0.021260542,1.866295616,0.073488019,1.62332319,0.151207638,1.582910056,0.862523404
1.55,2.804060247,0.999606042,2.671741798,0.998031258,2.438140481,0.993206065,2.080134035,0.96908957,2.014785583,0.020066046,1.868696153,0.072889945,1.62814481,0.150279796,1.597273183,0.86895666
1.56,2.804592097,0.999615284,2.673955772,0.99808226,2.443486865,0.993418653,2.090558906,0.971585613,2.015329378,0.019379198,1.870748626,0.072312709,1.632421537,0.149425246,1.611034438,0.874974522
1.57,2.805141511,0.999621274,2.676240668,0.998118252,2.44899679,0.993587363,2.101305881,0.973640706,2.015952525,0.018832952,1.873068408,0.071742797,1.637122604,0.148475417,1.625832538,0.881011519
1.58,2.805649932,0.999630119,2.678355219,0.998166504,2.454095174,0.993784065,2.111257684,0.975202085,2.016465237,0.018457457,1.875062113,0.07119427,1.641305512,0.147597328,1.639766378,0.886512642
1.59,2.806181942,0.999635898,2.680565622,0.998200826,2.459416344,0.993941511,2.121637638,0.976603774,2.017055545,0.018124985,1.877306078,0.070653549,1.654790873,0.892063515,1.645890104,0.146632175
1.6,2.806668599,0.999644194,2.682587905,0.998245748,2.464284918,0.99412165,2.131141818,0.977754896,2.017545092,0.017867112,1.879242875,0.070141772,1.668732313,0.896961798,1.649975484,0.145738811
1.61,2.807182179,0.999649626,2.684719844,0.998277793,2.469409112,0.994266473,2.141133404,0.978828251,2.018109386,0.017627381,1.881415544,0.069636107,1.683781763,0.901928693,1.654444842,0.144764593
1.62,2.807650012,0.999657559,2.686662198,0.998320366,2.474077976,0.994434084,2.150241685,0.979762795,2.018579785,0.017422287,1.883297982,0.069171017,1.697627805,0.906207191,1.658432884,0.143861983
1.63,2.80814691,0.999662819,2.688722927,0.998351032,2.479022532,0.994569829,2.159871591,0.98065161,2.019124271,0.017227732,1.88540955,0.068704611,1.712581686,0.910586808,1.662801017,0.142879445
1.64,2.808595968,0.999670257,2.690585945,0.998390697,2.483494823,0.994723733,2.168591297,0.981434047,2.019575127,0.017052534,1.887235167,0.068310408,1.726215219,0.914152448,1.666679996,0.141977046
1.65,2.80907398,0.99967521,2.692566728,0.998419359,2.488240567,0.994848671,2.177824353,0.9821834,2.02009836,0.016886133,1.889280945,0.06790949,1.740899288,0.917837218,1.670930576,0.140997079
1.66,2.809508156,0.999682331,2.694366509,0.998457052,2.492554634,0.994992698,2.186225186,0.982870057,2.02053481,0.016726469,1.891063556,0.067613928,1.754315015,0.920652981,1.674719783,0.140092548
1.67,2.809970994,0.999687223,2.696282718,0.998484932,2.497138304,0.995111294,2.19512893,0.983531815,2.021043795,0.016575496,1.893062865,0.067301011,1.768733829,0.923634857,1.678884626,0.139107745
1.68,2.810388167,0.999693818,2.698010811,0.998519713,2.501275379,0.995242847,2.203177229,0.984127996,2.021461491,0.016428408,1.894795252,0.067192976,1.78179404,0.925389019,1.682555754,0.138215761
1.69,2.810835671,0.999698634,2.699862017,0.99854677,2.505696975,0.995355281,2.211752894,0.984718408,2.021956995,0.016288189,1.896755168,0.067052267,1.795871929,0.927406784,1.686637987,0.137229204
1.7,2.811237498,0.999704754,2.701525352,0.99857894,2.509673913,0.995475846,2.219480132,0.985243946,2.022357251,0.0161498,1.898449128,0.067306261,1.808551691,0.927548915,1.690191856,0.13635299
1.71,2.811668533,0.999709315,2.703307108,0.998604387,2.513923914,0.995580086,2.227711301,0.985766637,2.022835193,0.016018879,1.900367759,0.067586586,1.822192532,0.927781233,1.694161975,0.13537831
1.72,2.812057561,0.999715171,2.704916253,0.998634968,2.517766057,0.995693182,2.235165209,0.986242725,2.023223821,0.015885655,1.902061624,0.068668434,1.834500255,0.924802746,1.697632393,0.134509877
1.73,2.812472945,0.999719484,2.706632087,0.99865887,2.521853509,0.995789806,2.243069995,0.986708589,2.023685176,0.015761861,1.903970169,0.070158591,1.847660444,0.920687959,1.701493049,0.133549291
1.74,2.812849687,0.999725101,2.708189274,0.998688016,2.525566669,0.995896189,2.250262291,0.987142536,2.024062702,0.015632888,1.905725722,0.073871559,1.859518563,0.908826636,1.70488196,0.132691694
1.75,2.813250156,0.999729214,2.709842362,0.998710634,2.529499736,0.995986268,2.257857298,0.987560947,2.024508725,0.015514488,1.907731851,0.080471535,1.872088562,0.888371644,1.708641206,0.131745739
1.76,2.813615132,0.999734571,2.711349843,0.998738283,2.533089716,0.996086065,2.26479971,0.987957372,2.024875231,0.015389503,1.909798888,0.098067946,1.883238177,0.835919702,1.711945406,0.130903676
1.77,2.814001486,0.99973847,2.712943591,0.998759585,2.536876952,0.996169839,2.272101929,0.988334374,2.02530669,0.015275474,1.912532834,0.148221471,1.894591377,0.709973363,1.715605983,0.12997477
1.78,2.814355083,0.999743608,2.714403077,0.998785951,2.540348335,0.996263885,2.278804315,0.988698375,2.025662619,0.015154153,1.916815648,0.318507053,1.903126226,0.434142376,1.718827816,0.129151445
1.79,2.81472797,0.999747296,2.715940286,0.998805983,2.543996945,0.996341727,2.285828699,0.989038743,2.026080458,0.01504365,1.924497786,0.640238952,1.909051779,0.184281628,1.722396163,0.128241398
1.8,2.81507066,0.999752237,2.717353806,0.998831192,2.547354892,0.996430621,2.292301521,0.989374643,2.026425981,0.014925898,1.934107738,0.814983453,1.911861744,0.108039275,1.725534512,0.127441588
1.81,2.815430546,0.99975574,2.718836483,0.998850106,2.550870011,0.996503255,2.299058514,0.989683853,2.026830179,0.014819,1.944847186,0.893626454,1.914251601,0.080744599,1.729004313,0.126554857
1.82,2.815762924,0.99976048,2.72020659,0.998874159,2.554121037,0.996587148,2.305315361,0.98999375,2.02716635,0.014704062,1.955227301,0.922552017,1.915909804,0.071495048,1.732071106,0.125782554
1.83,2.816110467,0.99976379,2.721637546,0.998891936,2.557509783,0.996654702,2.311819656,0.99027454,2.027557931,0.01459974,1.966066816,0.940907872,1.917739777,0.065775787,1.735452741,0.124921396
1.84,2.816432877,0.99976836,2.722965734,0.998914996,2.560657748,0.996734259,2.317868551,0.990562092,2.027884694,0.014488147,1.97629549,0.949467699,1.919170913,0.063122389,1.738443587,0.124186131
1.85,2.816768568,0.999771504,2.724347072,0.998931792,2.56392545,0.996797383,2.324131073,0.990818415,2.028264102,0.014386213,1.986867195,0.956622611,1.920820085,0.060884393,1.741738543,0.123356286
1.86,2.81708147,0.999775895,2.725635312,0.998953837,2.566975384,0.996872673,2.329982557,0.991085133,2.028581918,0.01427778,1.996824724,0.960542062,1.922157248,0.059628968,1.744658514,0.122670068
1.87,2.817405911,0.999778897,2.726969586,0.998969776,2.570128402,0.996931901,2.336016198,0.991320244,2.028949871,0.014177688,2.007063403,0.964342071,1.923709142,0.058384624,1.747872893,0.121879083
1.88,2.817709601,0.999783105,2.728219177,0.998990804,2.573083719,0.997003042,2.34167766,0.991567582,2.029258879,0.01407268,2.016723891,0.966681842,1.924986344,0.057584024,1.750723362,0.121263056
1.89,2.818023263,0.99978597,2.729508405,0.99900593,2.576127201,0.99705864,2.347493218,0.991783597,2.029615559,0.013975199,2.026617446,0.969110299,1.926467415,0.056732235,1.75385468,0.120531334
1.9,2.818318124,0.999790007,2.730720975,0.999026012,2.578991987,0.99712596,2.352973023,0.99201353,2.035978558,0.970756392,2.029916385,0.013872636,1.927700057,0.056118398,1.756647189,0.120014931
1.91,2.818621397,0.999792733,2.731966827,0.999040333,2.581930161,0.997178094,2.358579279,0.9922122,2.045527111,0.972500206,2.030262483,0.013776748,1.929125013,0.05545168,1.75970576,0.119369451
1.92,2.818907846,0.999796617,2.733144161,0.999059564,2.584708915,0.997241967,2.363886756,0.992426547,2.054597003,0.973775044,2.030555205,0.013677498,1.930317917,0.054933519,1.762441982,0.119019509
1.93,2.819201203,0.999799201,2.734348649,0.999073079,2.587546828,0.997290754,2.369294137,0.992609274,2.063810674,0.975122144,2.030891186,0.013583092,1.931694156,0.054367656,1.765434421,0.118523562
1.94,2.819479536,0.999802952,2.735492008,0.99909156,2.590242755,0.997351556,2.374435977,0.992809769,2.072595961,0.976169882,2.03117607,0.013487168,1.932850956,0.053904992,1.76812561,0.118471659
1.95,2.819763365,0.999805413,2.736656781,0.999104374,2.592984537,0.997397391,2.379652969,0.992978438,2.081484344,0.97726128,2.031502183,0.013394661,1.934182174,0.053402002,1.771059855,0.118278906
1.96,2.820033921,0.999809024,2.73776762,0.999122089,2.595601316,0.997455179,2.384636872,0.993165964,2.089995646,0.978154558,2.031779675,0.013301604,1.935306357,0.052973536,1.773729109,0.11883212
1.97,2.820308702,0.99981138,2.738894695,0.99913429,2.598251936,0.997498405,2.389673511,0.993322252,2.098572773,0.979068716,2.032096116,0.013211331,1.936594929,0.052513392,1.776623897,0.119355733
1.98,2.820571695,0.999814848,2.739973943,0.999151237,2.600791995,0.997553247,2.394504749,0.99349758,2.10681765,0.979847274,2.032366688,0.013120821,1.937689334,0.05210794,1.77931778,0.1214083
1.99,2.820837792,0.999817096,2.741064881,0.999162827,2.603355393,0.997593951,2.39936928,0.99364237,2.115096305,0.980629092,2.032674376,0.01303216,1.938940285,0.051676941,1.78223641,0.124072624
2,2.821093514,0.999820437,2.742113774,0.999179082,2.605821796,0.99764614,2.404054092,0.993806795,2.12308394,0.981319617,2.032937749,0.012944908,1.940003985,0.051290432,1.785068392,0.131088699
2.01,2.821351234,0.999822577,2.743169878,0.999190072,2.608301243,0.997684431,2.408753296,0.993940985,2.131074608,0.981999246,2.033236879,0.012858056,1.941218846,0.050881708,1.788203177,0.143018494
2.02,2.821600004,0.999825801,2.744189769,0.999205698,2.610697363,0.997734203,2.413298615,0.994095548,2.138816325,0.98261827,2.033493476,0.012774048,1.942253718,0.050510233,1.791662433,0.175889712
2.03,2.821849701,0.999827839,2.745212534,0.999216119,2.613096565,0.997770237,2.417840065,0.994220037,2.146531381,0.983215642,2.033784148,0.012689382,1.943433117,0.050120125,1.796035794,0.253864019
2.04,2.82209176,0.999830953,2.746204452,0.999231152,2.615424994,0.997817756,2.422251302,0.994365575,2.154036162,0.983775574,2.034034469,0.012608558,1.944441485,0.049760445,1.802397885,0.435751748
2.05,2.822333725,0.999832899,2.747195103,0.999241064,2.61774699,0.99785176,2.426641201,0.994481388,2.161485738,0.984305635,2.034316788,0.012526398,1.945585996,0.049386395,1.810814595,0.651161606
2.06,2.82256935,0.999835902,2.748160223,0.999255509,2.620010671,0.997897091,2.430924456,0.994618431,2.168764183,0.984815065,2.034561314,0.01244895,1.946569917,0.049036447,1.820712919,0.782565942
2.07,2.822803959,0.999837769,2.749120345,0.999264974,2.62225933,0.997929298,2.435170556,0.994726553,2.175961331,0.985289548,2.034835689,0.012369417,1.947681415,0.048675888,1.83098529,0.856027503
2.08,2.823011379,0.999840339,2.749969491,0.999277323,2.624249117,0.997967951,2.438930138,0.994842679,2.182339599,0.985713222,2.035052291,0.012302444,1.948552708,0.048367082,1.840479874,0.888196773
2.09,2.823239005,0.999842027,2.750900561,0.999285914,2.626427734,0.997997326,2.443038215,0.994941774,2.189291747,0.986148106,2.03530572,0.012224182,1.949585518,0.048022861,1.850874981,0.914113061
2.1,2.823462844,0.999844924,2.751816748,0.999299717,2.628573826,0.998039845,2.447090812,0.995065958,2.196165,0.986569754,2.035553097,0.012156829,1.950571687,0.047685235,1.861412157,0.925255434
2.11,2.823683981,0.99984648,2.75272094,0.99930764,2.630688131,0.998066917,2.451073561,0.995156733,2.202898404,0.986956592,2.035800358,0.012081902,1.951578152,0.047352989,1.871690855,0.936589478
2.12,2.823901663,0.999849335,2.753611525,0.999321177,2.63277254,0.998108259,2.455004668,0.995275808,2.209555416,0.987351087,2.036041505,0.01202115,1.952537913,0.047021926,1.881988215,0.941925509
2.13,2.824116768,0.99985079,2.754490731,0.999328583,2.63482706,0.998133488,2.458870859,0.995359683,2.216084663,0.98769813,2.036282939,0.011950663,1.95351923,0.04670107,1.892058299,0.948137164
2.14,2.824328304,0.999853578,2.755355796,0.999341753,2.636850149,0.998173409,2.462681693,0.995473264,2.222528561,0.988066414,2.036518178,0.011898939,1.954453317,0.046375856,1.90207451,0.951358562
2.15,2.824537101,0.999854966,2.756208892,0.999348792,2.638842256,0.998197232,2.466426371,0.995551548,2.22884461,0.988381182,2.036753231,0.011833902,1.955407815,0.046065866,1.911871472,0.955323413
2.16,2.824743214,0.999857664,2.757051447,0.99936149,2.640811307,0.998235492,2.470131369,0.995659261,2.235101368,0.988723384,2.036983888,0.011796562,1.956319727,0.045746104,1.921628124,0.957531364
2.17,2.824946838,0.999859038,2.757883108,0.999368404,2.642752089,0.998258599,2.473775849,0.995733828,2.241240861,0.989013151,2.037213628,0.011741372,1.957250754,0.045453642,1.931185252,0.960282801
2.18,2.825146819,0.999861598,2.758700275,0.999380432,2.644660445,0.99829469,2.477362708,0.99583465,2.247290009,0.98932845,2.037439627,0.011726379,1.958138886,0.045132651,1.940636863,0.961921571
2.19,2.825345246,0.999862935,2.759510427,0.999387128,2.646549825,0.998316863,2.480907141,0.995905172,2.25325367,0.98959463,2.037664292,0.011689209,1.959047293,0.044950561,1.949940256,0.963578059
2.2,2.825539527,0.999865387,2.760303995,0.999398618,2.648401781,0.998351175,2.484384277,0.996000204,2.259109911,0.989887118,2.037886861,0.011714951,1.959913496,0.04523634,1.959100247,0.962713536
2.21,2.82573228,0.999866654,2.761090702,0.999404946,2.650235302,0.99837204,2.487820481,0.996065999,2.264884212,0.990130296,2.03810686,0.011714358,1.968125878,0.966067768,1.960791759,0.044412593
2.22,2.825921727,0.999869039,2.761864242,0.999416087,2.652039339,0.998405105,2.491204223,0.99615663,2.270575791,0.990404127,2.038328181,0.011828219,1.977027665,0.967316519,1.961641744,0.04394741
2.23,2.826109754,0.999870259,2.762631391,0.999422164,2.653826133,0.998425029,2.494549513,0.996218812,2.276190041,0.99062882,2.038545385,0.011923949,1.985803772,0.968192723,1.962499319,0.043678858
2.24,2.82629379,0.999872559,2.763382579,0.999432874,2.655576953,0.998456625,2.497830298,0.99630457,2.28170168,0.990883588,2.038769371,0.012269819,1.994421899,0.968051805,1.963328692,0.043374202
2.25,2.826477399,0.999873715,2.764131434,0.99943863,2.657320027,0.998475457,2.501090503,0.996362973,2.287166002,0.991091001,2.038988923,0.012695947,2.002957713,0.967758034,1.964164298,0.043101904
2.26,2.826656073,0.999875954,2.764860499,0.999449013,2.659018281,0.998505874,2.504269885,0.996444614,2.292500951,0.991329092,2.039228443,0.013954853,2.011280296,0.964733961,1.96497452,0.042815834
2.27,2.826834527,0.99987706,2.765588095,0.999454502,2.660710863,0.998523738,2.507432724,0.996499502,2.297795613,0.991520385,2.039473631,0.016373648,2.019519995,0.958430613,1.965788571,0.042546495
2.28,2.827008915,0.999879229,2.766299429,0.999464534,2.662366815,0.998552977,2.510530012,0.996577301,2.302986354,0.991743792,2.039812828,0.026528935,2.027510588,0.929927749,1.966580634,0.042271183
2.29,2.827183147,0.999880306,2.767009577,0.999469862,2.66401782,0.998570187,2.513612288,0.996629579,2.308139659,0.991922369,2.040481605,0.101402025,2.03509768,0.748558206,1.967373696,0.042006782
2.3,2.827352641,0.999882389,2.767700733,0.999479468,2.665625887,0.998598054,2.516617378,0.996703124,2.313170039,0.992130471,2.044614672,0.757212472,2.03903634,0.098269987,1.968148384,0.041740193
2.31,2.827522559,0.999883429,2.768393074,0.999484592,2.66723458,0.998614509,2.519618009,0.996752643,2.318180837,0.992296708,2.051924832,0.939100107,2.0397508,0.024319025,1.96892194,0.041480358
2.32,2.827687565,0.999885439,2.769065717,0.999493843,2.668798681,0.998641215,2.522538371,0.996822539,2.323063592,0.992491598,2.059466136,0.963243214,2.040041288,0.015999188,1.969679074,0.041223099
2.33,2.827852843,0.999886432,2.769738948,0.999498725,2.670362116,0.998656822,2.525452103,0.996869128,2.327923653,0.992645568,2.06699245,0.972391622,2.040294807,0.013010363,1.97043302,0.040968626
2.34,2.828013983,0.999888384,2.770395627,0.999507685,2.671888239,0.998682564,2.52829908,0.996935962,2.332678056,0.992829367,2.074409904,0.975741776,2.040498599,0.012009239,1.971173979,0.040720422
2.35,2.828175273,0.999889349,2.771052407,0.999512412,2.673412595,0.998697578,2.531137458,0.996980343,2.337406624,0.992973635,2.08176434,0.978287561,2.040708049,0.011283181,1.971910381,0.040471133
2.36,2.828332181,0.999891228,2.77169166,0.999521018,2.67489747,0.998722197,2.533905318,0.997043778,2.342023965,0.993145739,2.088976743,0.979583563,2.040893148,0.010969692,1.972634352,0.040233073
2.37,2.828489667,0.99989219,2.772332746,0.999525696,2.676384563,0.998736898,2.536671889,0.997086623,2.346627292,0.993282266,2.09614026,0.980888842,2.041087499,0.0106521,1.973356033,0.039987525
2.38,2.828642434,0.999893977,2.772954961,0.999533866,2.677829156,0.998760205,2.539362633,0.997146341,2.351111363,0.99344247,2.103143838,0.981675916,2.041263079,0.010496447,1.974061439,0.039762529
2.39,2.828795754,0.999894903,2.773578913,0.999538356,2.679275771,0.998774242,2.54205178,0.997186907,2.355580982,0.993569832,2.11009801,0.982548593,2.041447857,0.010310062,1.974765594,0.039522844
2.4,2.828945004,0.999896633,2.774186625,0.999546252,2.680685959,0.998796672,2.544676325,0.99724398,2.359949836,0.99372114,2.116916642,0.983150784,2.041617876,0.010205287,1.9754565,0.039311156
2.41,2.829094572,0.99989755,2.774795132,0.999550675,2.682096037,0.998810366,2.547295455,0.997283046,2.364298205,0.993841558,2.123677722,0.983825391,2.041796437,0.010073303,1.976146153,0.03907713
2.42,2.829240143,0.9998992,2.775387704,0.999558196,2.683470426,0.998831677,2.549851458,0.997336995,2.368548529,0.993983168,2.130306066,0.984326138,2.041961136,0.009990779,1.976820842,0.038882757
2.43,2.829385793,0.99990008,2.775980117,0.999562424,2.68484255,0.998844715,2.552398196,0.997373926,2.372772319,0.994095555,2.136868636,0.984880068,2.042133768,0.00988689,1.977493624,0.038657097
2.44,2.829528092,0.999901683,2.776559205,0.999569718,2.686184996,0.998865295,2.554892869,0.997425668,2.376916174,0.994229839,2.143324402,0.98532257,2.042294604,0.009814643,1.978155869,0.038483607
2.45,2.829669945,0.999902528,2.777136022,0.999573771,2.687520368,0.998877739,2.557369584,0.99746066,2.381019617,0.994334974,2.149694499,0.985795972,2.042461952,0.009726856,1.978812147,0.038269103
2.46,2.829809083,0.999904085,2.777702094,0.999580837,2.688832006,0.998897596,2.559805189,0.997510257,2.38506111,0.994462315,2.1559842,0.986196153,2.042619291,0.009660292,1.979463171,0.038124469
2.47,2.829947273,0.999904896,2.778263869,0.999584716,2.690131958,0.998909459,2.562214495,0.997543394,2.389048876,0.994560694,2.16216899,0.986610382,2.042781829,0.009582611,1.980103708,0.037926062
2.48,2.830083338,0.999906409,2.778817299,0.99959157,2.691413696,0.998928645,2.564592843,0.997591004,2.392991302,0.994681649,2.168297863,0.986977261,2.04293586,0.009519593,1.9807447,0.037824865
2.49,2.830218018,0.999907196,2.779364668,0.999595324,2.692679743,0.998940057,2.566937684,0.997622605,2.396868571,0.994774189,2.174305454,0.987346022,2.043094047,0.009448647,1.981370949,0.037652411
2.5,2.830351072,0.999908658,2.779905708,0.999601935,2.693932212,0.998958503,2.56926007,0.997668131,2.400714359,0.9948888,2.18027749,0.987684425,2.043244797,0.00938818,1.982003109,0.037622997
2.51,2.830485301,0.999909495,2.780451209,0.999605884,2.695193783,0.998970302,2.571596135,0.99769999,2.404575997,0.994978693,2.186261066,0.98800891,2.043407839,0.009324433,1.982662173,0.037552656
2.52,2.83061249,0.999910836,2.780968177,0.999611946,2.696389613,0.998987229,2.573810925,0.997741845,2.408237558,0.99508464,2.191934798,0.988330053,2.043546482,0.009263528,1.983242549,0.037601782
2.53,2.83074335,0.99991164,2.781499859,0.999615736,2.697618699,0.998998507,2.576085329,0.997772105,2.41199372,0.995169113,2.197748852,0.988624865,2.04370551,0.009202953,1.983891956,0.037669821
2.54,2.830867789,0.999912944,2.782005524,0.99962162,2.698787874,0.999014877,2.578249296,0.997812341,2.415567855,0.995269964,2.203281095,0.988923074,2.043841233,0.009144098,1.984470727,0.037969675
2.55,2.830995744,0.999913704,2.782525296,0.999625197,2.699988966,0.999025506,2.58047058,0.997840765,2.419233211,0.995348696,2.208949358,0.989190072,2.043996944,0.009086177,1.985120214,0.03840242
2.56,2.831117158,0.999914987,2.783018539,0.999630971,2.701128891,0.999041498,2.582578905,0.997879797,2.422711905,0.9954455,2.214327268,0.989470271,2.044129324,0.009028901,1.985705506,0.03938118
2.57,2.831242328,0.99991572,2.783526887,0.999634418,2.70230313,0.999051704,2.584749223,0.997906919,2.426290089,0.995519831,2.219855202,0.989715371,2.044281564,0.008973242,1.986372573,0.041053106
2.58,2.83136078,0.999916965,2.784007978,0.999640011,2.703414482,0.999067141,2.58680332,0.997944381,2.429676076,0.995611914,2.225083787,0.989977019,2.044411,0.008917276,1.987004122,0.044837176
2.59,2.831482875,0.999917669,2.784503725,0.999643312,2.704559154,0.99907688,2.588917679,0.997970124,2.433158918,0.995681828,2.230458718,0.990202416,2.044559679,0.008863268,1.987771828,0.053837802
2.6,2.83159883,0.999918883,2.78497457,0.999648755,2.705646396,0.999091851,2.590925965,0.99800625,2.436466463,0.995769815,2.235560707,0.990447708,2.044686483,0.00880877,1.98870521,0.085080063
2.61,2.83171835,0.999919584,2.785459755,0.999652028,2.706766249,0.999101437,2.592993241,0.998031323,2.439868815,0.995836925,2.240805834,0.990658236,2.044831814,0.008756409,1.990624371,0.253533338
2.62,2.831831477,0.999920741,2.785919014,0.999657214,2.707826311,0.999115671,2.594950121,0.99806555,2.443088904,0.995919765,2.245767685,0.990886007,2.044955981,0.008703062,1.995238677,0.686431787
2.63,2.831948136,0.999921421,2.78639248,0.99966038,2.708918694,0.999124905,2.596965489,0.998089543,2.446403007,0.995983343,2.25087136,0.991081411,2.045098044,0.008651967,2.001963412,0.882688777
2.64,2.832058884,0.999922543,2.786841983,0.999665399,2.70995584,0.999138642,2.598878938,0.998122416,2.449548991,0.99606228,2.255713984,0.991295043,2.045219685,0.008599925,2.008836662,0.933963434
2.65,2.832173174,0.999923209,2.787305741,0.99966849,2.711025412,0.999147617,2.600851055,0.998145581,2.452789212,0.996123031,2.260698488,0.991477982,2.045358575,0.008550021,2.016032505,0.95512295
2.66,2.832281206,0.999924291,2.787744126,0.999673323,2.712036534,0.999160802,2.60271544,0.998176977,2.455852083,0.996197832,2.265408495,0.991677512,2.045477779,0.008499225,2.022893845,0.964183428
2.67,2.832393265,0.99992493,2.788198733,0.99967629,2.713084605,0.999169404,2.604646789,0.998199104,2.459022675,0.996255474,2.27028068,0.991848403,2.045613536,0.008450581,2.030008941,0.969949499
2.68,2.832498594,0.999925987,2.788626066,0.999680995,2.714069884,0.999182188,2.60646253,0.998229352,2.462003315,0.996326861,2.274859745,0.992035765,2.045730439,0.008401317,2.036714601,0.973156014
2.69,2.832607998,0.999926601,2.789069809,0.999683843,2.715092542,0.999190422,2.60834601,0.998250434,2.465092886,0.996381366,2.279602631,0.992194921,2.045863216,0.008360799,2.043662408,0.975670967
2.7,2.832711194,0.999927631,2.789488403,0.999688426,2.716057324,0.999202834,2.610122998,0.998279654,2.468007613,0.99644977,2.284075914,0.992371874,2.050222702,0.977343404,2.045977783,0.008307386
2.71,2.832818434,0.999928234,2.789923281,0.99969121,2.717059192,0.999210847,2.61196717,0.998300038,2.471030305,0.99650198,2.28871132,0.992521879,2.05701878,0.97882542,2.046107617,0.008257873
2.72,2.832919145,0.999929228,2.790331716,0.999695625,2.718000235,0.999222771,2.613699524,0.998327986,2.473869705,0.996566932,2.293064849,0.992687671,2.063405737,0.979884598,2.046220064,0.00821022
2.73,2.833023895,0.999929811,2.790756419,0.999698313,2.718978323,0.999230485,2.615498966,0.998347506,2.47681684,0.996616534,2.297579908,0.992828153,2.070025928,0.980888351,2.0463471,0.008164311
2.74,2.833122581,0.999930777,2.791156561,0.9997026,2.719899945,0.999242032,2.617194683,0.998374447,2.479594123,0.996678694,2.301834081,0.992984792,2.076265756,0.98166952,2.046457366,0.008117954
2.75,2.833225137,0.999931339,2.791572287,0.999705188,2.720857035,0.999249437,2.618954579,0.998393116,2.482474342,0.996725829,2.306242305,0.993116668,2.08272716,0.982430071,2.046581712,0.008073055
2.76,2.833321633,0.999932282,2.791963476,0.999709362,2.721757733,0.999260645,2.620610954,0.998419131,2.485185221,0.996785375,2.310390831,0.993264699,2.088809212,0.983053225,2.046689849,0.008027864
2.77,2.833422178,0.99993284,2.792370969,0.999711926,2.722695534,0.999267941,2.622334435,0.998437378,2.48800363,0.996830957,2.314699946,0.993390249,2.095120988,0.983674207,2.046811856,0.007983878
2.78,2.833516425,0.999933743,2.792752976,0.999715918,2.723574831,0.999278638,2.623950718,0.998462124,2.490647179,0.996887272,2.318742033,0.993528708,2.101044217,0.98419221,2.046917659,0.007939901
2.79,2.833614749,0.999934293,2.793151398,0.999718436,2.72449147,0.999285766,2.625634515,0.998479818,2.49339883,0.996931023,2.322945319,0.993647314,2.107197334,0.984713701,2.047037276,0.007896917
2.8,2.833707078,0.999935162,2.793525562,0.999722275,2.725352424,0.999296037,2.627216267,0.998503507,2.495984013,0.996984662,2.326894341,0.993778007,2.112979487,0.985166487,2.047140936,0.007854123
2.81,2.83380347,0.999935714,2.793916075,0.999724787,2.726250564,0.999303099,2.628865224,0.998520882,2.498676725,0.997027138,2.331003504,0.9938914,2.118989517,0.985624801,2.047258521,0.007811985
2.82,2.83389371,0.999936541,2.794281714,0.999728442,2.727091657,0.999312866,2.630409809,0.998543358,2.501199581,0.997077801,2.33485414,0.99401367,2.124623899,0.986021291,2.047359817,0.007770649
2.83,2.833987928,0.999937073,2.794663357,0.999730861,2.727969129,0.999319649,2.632020068,0.998559979,2.503827345,0.997118181,2.338860627,0.994120292,2.130479171,0.986424935,2.047474978,0.007729565
2.84,2.834076431,0.999937881,2.795021895,0.999734426,2.728793632,0.99932915,2.633533468,0.998581749,2.506297592,0.997166928,2.342627566,0.994236675,2.135986284,0.986784375,2.047574441,0.007689677
2.85,2.834168726,0.999938413,2.795395679,0.999736837,2.729652759,0.999335868,2.635109297,0.998598069,2.508867388,0.997206142,2.346542018,0.994338695,2.141701732,0.987150022,2.047687699,0.007649531
2.86,2.834255351,0.999939184,2.795746554,0.999740232,2.730459411,0.99934491,2.636589289,0.998618749,2.511281612,0.997252264,2.350220508,0.994447908,2.14707532,0.987473962,2.047784948,0.007611516
2.87,2.834345587,0.999939699,2.79611194,0.999742563,2.731298986,0.999351387,2.638128561,0.998634416,2.51379018,0.997289668,2.354038401,0.994544174,2.152644981,0.987803883,2.047895836,0.007572786
2.88,2.834430575,0.99994045,2.796456123,0.999745869,2.732090018,0.999360168,2.639579242,0.998654421,2.516155072,0.997334017,2.357638625,0.99464818,2.157899474,0.988102722,2.04799148,0.007536653
2.89,2.834518842,0.999940952,2.796813475,0.999748137,2.732910898,0.999366449,2.641083575,0.998669538,2.518605156,0.997369845,2.36136435,0.994739346,2.163329867,0.98840318,2.048100133,0.007499594
2.9,2.834602204,0.999941681,2.797151018,0.999751342,2.733686444,0.999374945,2.642505227,0.998688827,2.520921273,0.997412381,2.364887356,0.994838232,2.168466973,0.988679897,2.048194191,0.007465863
2.91,2.834688528,0.999942167,2.797500449,0.999753536,2.734488899,0.999381004,2.643975162,0.998703352,2.52331386,0.997446595,2.368522638,0.99492442,2.173760811,0.988954783,2.048300643,0.007430942
2.92,2.834770335,0.999942878,2.797831642,0.999756658,2.73524964,0.999389259,2.645369074,0.998722025,2.525583389,0.997487536,2.371971926,0.995018742,2.178785793,0.989212502,2.048393251,0.007400417
2.93,2.834854783,0.999943351,2.798173427,0.999758785,2.736034319,0.99939512,2.646805844,0.998736013,2.527920596,0.997520275,2.375520197,0.995100376,2.183948309,0.989465283,2.048497637,0.007368437
2.94,2.834935062,0.999944043,2.798498385,0.999761821,2.736780529,0.999403129,2.648172548,0.998754068,2.530144481,0.997559651,2.378897362,0.995190334,2.188863646,0.989706044,2.048588862,0.007342493
2.95,2.835017684,0.999944501,2.798832727,0.999763882,2.737547914,0.999408792,2.649577078,0.998767527,2.532427914,0.997590958,2.382361278,0.995267636,2.19389898,0.989939224,2.048691307,0.007314871
2.96,2.835096478,0.999945176,2.799151622,0.999766837,2.738279999,0.999416573,2.650917351,0.998785007,2.534607493,0.997628885,2.385668494,0.995353578,2.198707986,0.990164962,2.048781282,0.007296059
2.97,2.835177421,0.999945608,2.799479124,0.99976878,2.739031507,0.999421908,2.652292328,0.998797675,2.536841741,0.997658271,2.389055493,0.995425694,2.203627857,0.990377976,2.048882255,0.007276114
2.98,2.835254671,0.999946279,2.799791716,0.999771712,2.739748908,0.999429606,2.653605125,0.998814891,2.538975262,0.997695384,2.392289973,0.995509003,2.208326005,0.99059292,2.048970882,0.007268935
2.99,2.835334087,0.999946687,2.800113,0.99977355,2.740485972,0.999434653,2.654953185,0.998826866,2.54116464,0.997723094,2.395606634,0.99557659,2.213139859,0.990788619,2.049070719,0.007263391
3,2.835409725,0.999947352,2.800419018,0.999776451,2.741188086,0.999442245,2.656237453,0.998843767,2.543250522,0.997759289,2.39876627,0.995657093,2.217724646,0.990992993,2.049158273,0.007278302
